fridge_id,ID,재료,용량,저장일시
34e8a90d-a2dd-4f49-a45c-fdad028ca4c3,jbvhea7d,깻잎(g),934,2025-10-17 06:29:54
8d6d3caf-c80c-45b6-8ccc-1e8b46cd5b66,jbvhea7d,열무(g),1048,2025-10-09 08:16:00
3964b25b-7c10-480d-b76d-787f4ac48fa4,jbvhea7d,고사리(g),975,2025-10-02 03:02:14
0bf29775-fe62-4843-88e4-90de73198475,jbvhea7d,소고기(g),1055,2025-10-11 08:55:47
e4377af5-62bf-4122-b7c3-b90da29c1443,jbvhea7d,오렌지(개),3,2025-10-07 21:31:22
6fb38cf0-b163-450e-adcc-93829bd502f2,jbvhea7d,무(g),191,2025-10-16 07:30:07
9464f7bf-dad2-4690-8dd3-a30ba0577e39,jbvhea7d,고등어(g),79,2025-09-22 18:22:20
b044de5a-76cb-4ed8-85e1-97f9181e4269,jbvhea7d,조개(g),669,2025-10-22 04:18:34
74bbe200-d8e7-41f2-ba4b-282a517020b1,jbvhea7d,피망(g),157,2025-10-15 05:26:08
fbd5230a-2ce3-4362-b702-861216132f2f,xxymh3ma,미나리(g),251,2025-10-22 00:28:00
c5fd425b-3c80-4c4a-a92f-aeb3bc5bf1cd,xxymh3ma,포도(개),2,2025-09-22 23:58:23
ae06e4d0-1cf3-4d03-8dc6-b023884f21d9,xxymh3ma,부추(g),349,2025-10-04 17:24:45
750a1d7f-54d1-488e-82ef-8202d6ebf7f1,xxymh3ma,치커리(g),913,2025-09-28 05:49:22
d2ddb760-ab6b-45fc-99a4-a9472c53dd03,xxymh3ma,모닝빵(개),6,2025-09-30 14:37:10
5993ad39-74e5-4c66-a7df-a4286784c593,xxymh3ma,토마토(개),4,2025-09-23 21:59:58
15ca161d-0bba-4b31-827c-b37fd1688309,xxymh3ma,연어(g),1052,2025-09-28 08:29:51
b9b7446f-62e9-4d24-a507-8ba2d373a5ec,xxymh3ma,홍피망(g),1169,2025-10-03 13:21:44
0eaff6e9-de4f-4922-8404-bf9187c1c1d5,xxymh3ma,닭고기(g),696,2025-10-17 16:56:14
0927132b-5a4e-4def-820c-070248f5e77f,xxymh3ma,소고기(g),726,2025-09-29 13:37:53
5801ce39-3dd6-4cbf-b715-4f9c341dc9ce,pnsfox8r,모짜렐라치즈(g),130,2025-10-20 07:35:51
87777872-1071-4d6f-9dee-ba82615bb69f,pnsfox8r,브로콜리(g),101,2025-10-07 03:47:04
5dc7d6a8-c723-47cd-8414-0ea494ae2b7a,pnsfox8r,닭육수(ml),1019,2025-10-06 14:33:18
02201ae0-6907-43a4-8a55-902e3a719600,pnsfox8r,연어(g),402,2025-10-12 17:08:27
7c2f4be0-f066-4c17-b893-57fa5da1b0d9,pnsfox8r,파(g),207,2025-09-26 01:30:18
9fc8ecfd-36c0-4309-bc55-96cd185a0767,pnsfox8r,가리비(g),405,2025-10-16 17:25:49
e58aa0bb-1574-4b17-9cb6-185021eac760,pnsfox8r,파프리카(g),1145,2025-09-29 00:54:28
52cc9a1c-b561-4269-9fba-1ae47f6bf3c7,ibvxcxf0,우엉(g),850,2025-10-05 03:54:18
790348f8-ff6c-4ef6-82a3-76aaf0e15218,ibvxcxf0,콩(g),1104,2025-10-12 16:55:32
db500cbc-dacf-4700-ac10-0bf1e304221b,ibvxcxf0,양지머리(g),1130,2025-09-27 05:58:52
59ada523-fe92-4daf-a87e-3f37eae411f7,ibvxcxf0,아귀(g),639,2025-09-30 07:25:08
18e968b5-8c6d-4f65-bf2e-6c69223733bc,ibvxcxf0,루콜라(g),741,2025-10-10 16:22:28
7800dddb-3701-48bd-9d4a-788f03234438,b2351o35,계란(개),25,2025-10-13 08:27:58
6580c3b7-767d-4df4-9b9a-dcf699f51a3c,b2351o35,연어(g),178,2025-09-22 20:16:07
78088305-e5d6-4b15-9fb7-e81fc0eb8e74,b2351o35,새우(g),643,2025-10-09 21:14:10
7fdc814d-5f2d-41d7-ac77-ef8c51e514a5,b2351o35,자몽(개),3,2025-10-18 10:11:19
db55d409-fc52-4892-8773-6338b5ff4a41,b2351o35,문어(g),176,2025-10-15 12:23:18
bb19322c-b2f0-4e3b-9e86-207f5680595d,b2351o35,애호박(g),964,2025-10-07 07:26:09
19029657-f7cb-441b-8dc9-703900aed87f,b2351o35,가리비(g),210,2025-09-30 05:23:55
606acc07-a25b-47de-b38e-b22b1f571f00,b2351o35,팽이버섯(g),207,2025-10-05 04:55:14
19ef1c46-6457-4b7b-b5c9-45e161523ed2,83q398bn,쌀(g),568,2025-10-19 19:08:30
8f672dd1-6765-4eea-be86-2f9712236119,83q398bn,방울토마토(g),288,2025-10-16 01:03:16
90161833-bba8-4145-994f-9af3d81c3121,83q398bn,순두부(g),893,2025-10-10 21:15:31
2669468c-cf49-420a-826e-f1ce162490e9,83q398bn,돼지등갈비(g),513,2025-10-11 12:47:53
d1a65821-23b6-4d10-bcc3-b5e8cafc069d,83q398bn,고사리(g),925,2025-09-29 17:22:47
55fd66f7-ee0c-4aac-8f75-60eeb02e1b6f,83q398bn,고구마(g),616,2025-09-24 21:45:11
4d2a2972-74d1-4f0b-90e7-dba2bf93d1bd,83q398bn,사과(개),1,2025-10-10 18:35:14
4d605c3a-9e8f-4558-94f4-3e23c0a30bfb,83q398bn,시금치(g),563,2025-10-05 05:13:59
e8194757-b6b5-4475-8a7f-842153cfbadd,3vy7sjol,홍합(g),320,2025-10-03 18:13:05
8da3dd70-62a2-4d93-8b88-e52fe477ebad,3vy7sjol,소면(개),3,2025-09-25 15:22:38
7fe3c88e-8f3e-4908-b3de-b00a59900f23,3vy7sjol,우유(ml),1246,2025-10-16 07:08:02
e564bdef-14f7-407a-876d-3068ee17ff81,3vy7sjol,갈치(g),367,2025-10-06 00:39:03
f52f86d4-faf7-4bc8-8a2c-5d925c064b74,3vy7sjol,갈비(g),1029,2025-10-16 14:10:33
8bfca8ab-dfe9-41aa-aa4f-7048905b795f,3vy7sjol,식빵(개),1,2025-09-24 20:48:08
4af0a4c3-2ac5-40a4-b936-a67532fad59e,3vy7sjol,새우(g),291,2025-09-29 17:41:14
6e2e34ad-053a-4d65-abe9-036e5c192476,3vy7sjol,도미(g),843,2025-10-06 00:53:32
037213b8-92a9-431a-815a-fb60a71282be,hepwhs1n,버섯(g),412,2025-10-01 10:12:46
cdb7dbb1-261d-41b7-a262-60a7fe280a0e,hepwhs1n,우유(ml),1043,2025-09-27 12:43:39
d028d926-7bde-45c1-b398-17e2e9b4ecda,hepwhs1n,샐러리(g),425,2025-10-23 02:17:16
f9e2cbe2-61e0-47ef-a2b0-887141a05330,hepwhs1n,홍합(g),246,2025-10-17 03:02:25
7e95252c-88bc-4396-8e9d-6896d072925d,hepwhs1n,낙지(g),635,2025-10-11 22:55:24
18d10307-5bb9-43a4-839c-c928e0f3e484,hepwhs1n,브로콜리(g),1144,2025-10-15 04:53:57
9416611e-04fa-4926-9f0f-aa89cd9a0193,hepwhs1n,레몬(개),4,2025-10-12 20:02:51
c06bdbdc-5f9f-4189-8122-011cbb81e90f,hepwhs1n,미나리(g),613,2025-09-23 02:55:01
278837ef-ba88-4571-ac32-603f927ff9ce,6zyf8uq1,고구마(g),709,2025-10-01 01:43:55
886adc8d-7c88-489d-8ac6-fef62fd957ee,6zyf8uq1,돼지고기(g),502,2025-10-18 03:51:18
16534bb9-cc28-434d-b7c9-9b78c455dde3,6zyf8uq1,케일(g),232,2025-10-15 23:50:32
8ef366eb-501a-4fc3-b824-116f16196301,6zyf8uq1,청경채(g),528,2025-10-08 16:17:11
5b9e5e78-e987-4221-8283-4a928d4d4556,reddcn3n,도라지(g),1116,2025-10-16 19:54:02
91308ec8-35c4-4fcf-8107-57249af7ad45,reddcn3n,배추(g),90,2025-10-11 09:49:14
baa1e831-8b65-406a-902e-c65f4cab6483,reddcn3n,흑미(g),781,2025-10-06 03:04:50
8375cdb5-47bc-448b-96b5-dc7a4fb841b5,reddcn3n,칼국수면(개),1,2025-09-26 15:22:02
0bc20501-d5dd-4c8e-807d-464f6e9a97d0,reddcn3n,옥수수통조림(캔),3,2025-10-02 19:10:19
688c941c-b6c6-4ad5-9420-3049d73a0bcc,reddcn3n,부추(g),553,2025-10-02 02:35:47
77cc6d9d-6028-4da6-8c1a-cdbf96077cfb,reddcn3n,고구마줄기(g),976,2025-10-04 13:40:16
106c8dc9-563b-4613-8bae-7d44c7ff445c,reddcn3n,파프리카(g),90,2025-10-15 14:29:17
dadb8d8e-1014-4855-b5e9-8f5b44780605,reddcn3n,오렌지(개),2,2025-10-09 19:59:13
f723dac9-123f-49c1-9026-05d54399c43a,swzaaiun,모시조개(g),835,2025-10-08 20:55:51
89918431-89dc-419a-8597-c52fb2d0c96f,swzaaiun,돼지고기안심(g),114,2025-10-20 17:16:25
5e26f0e3-48fa-42c6-b355-0d913e45c913,swzaaiun,홍합(g),77,2025-10-23 00:37:44
17733a10-1d9e-4141-a671-a2f1b55becc1,swzaaiun,감자전분(g),216,2025-10-21 09:48:55
594c0e19-4e67-4f1a-9526-cb02ae906e2c,swzaaiun,바지락(g),500,2025-09-30 15:35:04
cffddf9c-c199-4e85-8c6e-36634988e8c5,swzaaiun,버섯(g),1070,2025-09-26 03:14:51
4da9d080-e200-4b82-ab2a-ddd49ff98aa9,swzaaiun,무(g),755,2025-10-09 15:22:16
0d2fe569-e296-4fcf-8026-6e58d33c926e,swzaaiun,토마토(개),2,2025-10-07 12:00:56
ca245a45-77b9-4c18-ae06-70e26681223e,swzaaiun,배추(g),499,2025-10-23 05:13:04
180c2528-5348-4c83-99fd-37f51cf8847d,6mc201yo,돼지등갈비(g),1171,2025-10-08 09:18:24
c869cef5-23cd-4668-b8fe-17348ca230de,6mc201yo,닭살(g),132,2025-10-15 08:03:02
9f7c84ba-f0db-4b5d-8d85-0f468ca6e6c4,6mc201yo,보리(g),896,2025-10-18 23:30:49
684f20c0-2f47-4de2-90a2-c6931d2920fd,6mc201yo,양지머리(g),555,2025-10-15 17:31:02
a91f3490-f775-405b-9e7f-06360e1f86ad,6mc201yo,우엉(g),970,2025-09-29 07:54:34
7513e372-6fdb-45a2-be1f-cb4cb95a4124,6mc201yo,깻잎(g),417,2025-10-01 05:44:43
3a68e019-4ebb-4a9d-8f04-24133f9e5c4b,6mc201yo,케일(g),421,2025-09-24 08:16:53
838e750f-9b60-49a3-a5db-a1b5cf1c61ba,8x08fvee,쇠고기(g),755,2025-09-25 22:27:22
2651baa6-0ca2-4056-ae70-85f66230e7a5,8x08fvee,모짜렐라치즈(g),856,2025-10-05 14:46:17
372a51e7-0640-43a3-a2a5-c4bb540167a0,8x08fvee,모시조개(g),592,2025-10-12 22:32:18
c230e31a-d797-49ab-83e9-66820e19edd0,8x08fvee,홍고추(g),479,2025-09-29 13:31:00
2fd486a0-db7f-4616-a84a-a68353b6dff3,z3wxvd6m,조개(g),675,2025-09-30 18:41:36
273fa70f-655f-4a75-811c-2bdbcc0756d6,z3wxvd6m,우유(ml),255,2025-10-07 04:11:27
fe6775cb-451f-4a6a-8ab6-1473d7789f26,z3wxvd6m,피망(g),137,2025-10-18 08:54:34
75d8f5ed-2b1a-4ccb-a118-1f9090d33783,z3wxvd6m,굴(g),962,2025-10-10 15:11:01
fed6758d-b105-4b01-a5c6-939d89a25a2a,au5uldcb,가리비(g),461,2025-10-17 14:40:07
971bcf49-9365-4b95-9e15-e32c0f10fc5f,au5uldcb,낙지(g),753,2025-10-01 22:18:30
f22c53ce-13e6-451d-a1c0-eb3009ec10ed,au5uldcb,양송이버섯(g),595,2025-10-12 06:55:21
b464c6cf-d7d0-4214-acf6-73ed6435ac85,au5uldcb,식빵(개),2,2025-09-28 09:30:54
140474d7-37bf-4061-8e55-f7c300a273f8,au5uldcb,브로콜리(g),902,2025-09-23 19:06:31
73881c87-576e-441b-9b25-30822b9e96ee,au5uldcb,계란흰자(개),1,2025-10-21 15:20:52
aa6d2ebb-e6b3-4b11-9b6b-8d12f2a5caf5,nk5o5jcd,요거트(ml),414,2025-10-04 21:59:31
c6538099-1344-4d38-8be5-f11b7c0f99a6,nk5o5jcd,라면(개),4,2025-10-06 10:52:02
a11b2b0f-40f2-4565-b1c3-87081cf33f6d,nk5o5jcd,멸치(g),75,2025-09-27 02:10:20
b80f0248-822e-4d49-b950-5e6e7a88b234,jcep5qf4,계란흰자(개),2,2025-10-16 08:27:23
c4bb3544-2840-46f9-8044-f56f1fc997d8,jcep5qf4,전복(g),913,2025-10-08 20:45:55
b06141a1-0eef-462d-8e27-a3049f1204b9,jcep5qf4,현미(g),391,2025-10-08 17:24:34
521131cb-d113-45e1-93c4-bf9875b07023,jcep5qf4,칼국수면(개),3,2025-10-13 08:22:00
b98a5f28-1da3-4b4b-9a48-905463d31dce,jcep5qf4,닭육수(ml),1082,2025-10-15 23:28:33
2cf2701e-7cbe-4072-a83a-3577d1f000a7,xcgm0wf7,파(g),103,2025-10-08 11:49:44
c70a977c-ed0d-4096-88c9-a99b9f48bf18,xcgm0wf7,명태(g),1174,2025-10-03 11:51:02
1fdec278-3b38-464f-b8e7-785dc4e3b4f6,xcgm0wf7,칼국수면(개),3,2025-10-05 21:07:46
cf4ccfeb-89ee-4ec1-bdb7-135087765fbe,xcgm0wf7,양지머리(g),857,2025-10-01 06:23:32
b57ab125-c4f4-472e-8006-4e37ad55d8b3,xcgm0wf7,스파게티면(g),181,2025-10-11 01:59:16
9f849f22-8a39-4de3-bf71-6dea0e8dcb6b,xcgm0wf7,풋고추(g),189,2025-10-12 02:55:43
19c89c54-0c6d-4030-861d-19e5f57a5fcd,xcgm0wf7,계란노른자(개),7,2025-10-11 18:15:18
ef142f99-a404-4713-8c67-19bbcf6926c6,xcgm0wf7,감자전분(g),307,2025-09-27 19:47:55
cd7df8b2-e34c-4709-9454-d289136d18fb,xcgm0wf7,치커리(g),55,2025-10-05 22:37:34
cf3561e8-1d7a-41d3-b266-8bc806ef3a6c,i6nlsmoa,루콜라(g),803,2025-10-13 15:21:51
b751ac2e-4a98-495a-b632-6175fd6898a3,i6nlsmoa,명태(g),197,2025-10-19 02:58:44
8a7ab7e4-e79a-4b98-b436-c500ffaf8d46,i6nlsmoa,갈치(g),914,2025-09-23 08:23:34
0cc3e2b7-9011-40b3-b1f4-a14cde7ed297,i6nlsmoa,딸기(개),2,2025-10-12 21:54:16
e6a12673-cfc8-403d-87bb-454b3aeef716,i6nlsmoa,팥(g),451,2025-10-05 13:50:27
0b32e7dc-7517-4721-b6c5-680e99496229,pfq9mlto,쑥갓(g),850,2025-09-24 19:39:52
340f5f74-a6f1-47f3-a661-c8202e4b6348,pfq9mlto,목이버섯(g),228,2025-10-22 05:11:22
dcbae5a0-6e31-4ae3-b7fe-2af93d05d079,pfq9mlto,파프리카(g),368,2025-09-28 17:23:27
7fc147e4-9227-4476-8990-caf12cae1b51,pfq9mlto,우엉(g),858,2025-10-05 06:16:15
7c07daf6-67ff-495d-8304-9d4071df9f66,pfq9mlto,사과(개),5,2025-10-12 05:13:27
9931cca6-416a-4139-ade7-18647c97ea74,pfq9mlto,빵(개),3,2025-09-28 11:36:06
1ac036cb-98eb-49e9-98e7-568b8ca73b36,pfq9mlto,전복(g),385,2025-10-01 17:40:36
630e23b2-9458-4bf9-89a2-3b17ab72fd83,a6pd8n96,갈치(g),95,2025-10-16 09:21:19
2b3b796e-0f4b-4e1a-bcd6-ea4572d5d580,a6pd8n96,애호박(g),252,2025-10-09 10:43:31
e6fb6625-fff6-4a79-b82d-730f04523679,a6pd8n96,양송이버섯(g),1082,2025-10-01 07:14:45
a0f69ec8-ef5b-43d9-8f58-c7030ccc343c,a6pd8n96,계란흰자(개),7,2025-10-12 02:22:16
fa08a6fc-be8a-40d2-9946-eee5b4363703,a6pd8n96,꽃게(g),983,2025-09-23 23:38:58
ae990aa0-4bd8-43a9-b7d5-25a747436193,4u9g4qyw,목이버섯(g),443,2025-10-12 16:00:36
8b407324-303f-47fc-9664-225a57e27aa4,4u9g4qyw,파(g),793,2025-09-28 00:36:38
e7e0c590-1b4f-422a-b07c-c4dff0e71b93,4u9g4qyw,감자(g),354,2025-09-28 23:04:32
52c289df-ee60-4462-8fe7-303c827e2e92,4u9g4qyw,상추(g),496,2025-10-18 06:55:03
3e1bdcef-3961-4b6c-9856-b20bd4706bb4,4u9g4qyw,고사리(g),727,2025-09-29 21:13:13
c1a898c6-ecb6-4527-b929-06b60c198877,vjos7e6v,치즈(g),218,2025-10-11 15:10:13
26433677-6659-4ad8-a48c-2f6466d8bc1c,vjos7e6v,계란(개),30,2025-10-08 14:20:46
00a1233a-a723-411a-aeee-1f0723cf137f,vjos7e6v,차조(g),809,2025-09-25 05:39:00
171c6de6-a583-46cf-a84d-a3631cd48bba,vjos7e6v,파(g),807,2025-10-19 18:31:45
c691e44e-c040-4daf-8738-3020df5b358b,vjos7e6v,열무(g),799,2025-09-26 07:37:18
609d9461-7063-40a0-911c-9a473e74bc44,vjos7e6v,쇠고기(g),1216,2025-10-13 13:53:13
9575f35e-896c-44c5-a233-1c78f4384875,vjos7e6v,고사리(g),341,2025-10-11 19:55:59
0c5c8e59-2616-4120-8cb7-bc4a866112a1,vjos7e6v,굴(g),1137,2025-10-06 15:26:01
545e2612-df25-484c-b347-bfb436aa387b,vjos7e6v,닭가슴살(g),338,2025-10-21 14:47:45
ce301fa3-d550-48ad-ba60-bf503fb8eeed,hpx7odwb,풋고추(g),652,2025-09-27 03:42:56
2855e6ae-e6d1-46b6-9afd-09d28e23926c,hpx7odwb,배추(g),502,2025-09-30 10:01:42
03e9b5af-573a-4d51-94a0-253b3aea3490,hpx7odwb,오징어(g),493,2025-10-05 18:22:49
9cbfe5cb-9875-49fd-9644-c5aec7a92ade,hpx7odwb,딸기(개),1,2025-10-03 14:37:45
027bc3f2-df9e-4f99-b426-6e627fe36791,hpx7odwb,무(g),385,2025-09-27 23:35:05
f36065ba-dd7e-4166-85c0-6c77d2b6e815,7iua5v3t,루콜라(g),312,2025-09-26 21:26:59
4db45673-6392-4741-b259-10ced5192234,7iua5v3t,계란흰자(개),4,2025-10-11 22:46:38
597b3af2-ee3a-48b5-ac14-f89e45793986,7iua5v3t,닭가슴살(g),579,2025-09-27 06:15:49
c2a1f52f-5205-4ef0-a4bb-be0256b51987,7iua5v3t,방울토마토(g),407,2025-10-13 00:30:27
ccc9e022-81af-43a8-a5b9-84d9684882d1,7iua5v3t,케일(g),780,2025-10-01 12:41:52
240e79fe-1fc4-414e-9277-f3ab930f1493,7iua5v3t,닭육수(ml),1839,2025-09-25 20:46:08
c7b2fd5f-01a6-4c9c-b6e2-c130661de5b0,7iua5v3t,홍고추(g),275,2025-10-17 01:30:18
9b0ac4f5-d3c0-477c-9bb1-c22d5b16299f,3dcm5rc1,차조(g),274,2025-10-06 05:20:06
53877a0d-8434-4372-871a-a005b7f5229e,3dcm5rc1,전복(g),928,2025-10-10 09:09:18
ffa004d4-6e26-424e-b07a-c90d11253c2d,3dcm5rc1,오이(g),1100,2025-10-12 22:24:50
086c820e-4f1d-413b-b97e-728746f4fafc,3dcm5rc1,쇠고기(g),189,2025-10-15 16:14:17
171ccac2-ce18-460b-83eb-e52fabfb2a56,3dcm5rc1,케일(g),134,2025-09-28 04:38:39
daf1ed2d-36b2-4dc7-b7dd-c9fb8c6e3513,3dcm5rc1,닭살(g),654,2025-10-23 05:34:57
e840a8b1-e082-42ec-b72b-e153fb04bf09,3dcm5rc1,홍고추(g),1183,2025-10-15 03:33:29
914ad06e-b721-4ea9-9023-31de2db64948,3dcm5rc1,소면(개),4,2025-10-02 21:37:38
025b5f51-c93f-49b2-9b8b-f81045a0fc09,3dcm5rc1,콩(g),999,2025-09-26 18:49:04
f602b2b9-fcc7-48f2-8463-f92524b155be,2fkbjsdc,모짜렐라치즈(g),759,2025-10-01 19:32:05
007f42c0-100c-482f-b853-f6a24def206c,2fkbjsdc,치커리(g),107,2025-09-26 21:02:14
ce3f6042-cc76-4535-9d0c-26b8fd9e9ca8,2fkbjsdc,파(g),959,2025-10-16 15:06:15
a47777a3-8f73-4a12-8a59-10ff40876dc9,2fkbjsdc,대파(g),1156,2025-10-15 18:31:46
feb03566-10bb-4f02-8430-662ec29597a9,2fkbjsdc,돼지등갈비(g),1973,2025-10-23 11:54:32
bd83d57a-9a24-4719-bff2-f858702164f6,2fkbjsdc,가리비(g),479,2025-10-04 17:17:45
83fc83b2-c469-45cd-82d7-75dd00333131,2fkbjsdc,무(g),471,2025-10-11 00:43:24
5d3b26d6-9f89-4301-b983-14fd8a068b2c,2fkbjsdc,홍합(g),809,2025-09-25 17:07:24
8e8ae2f6-d82a-49c3-9f6c-6472a3e89763,2fkbjsdc,배(개),2,2025-10-05 19:18:48
c9b17fb4-90d1-4a33-ac1b-e2b9f42acbde,efa2ezrx,배(개),4,2025-10-21 01:22:07
9e9593cc-4e53-4caf-a57b-73ca287f869d,efa2ezrx,쭈꾸미(g),1000,2025-10-22 19:13:43
8ad7918b-5ef1-4c79-b3ce-f9a74bf7996b,efa2ezrx,콩비지(g),407,2025-09-24 14:53:46
6a11fd55-0f5a-4770-8a35-8da608edd06a,efa2ezrx,표고버섯(g),520,2025-10-17 06:24:48
4e13bb30-3f5d-4225-a803-dd5edda82b9a,efa2ezrx,피망(g),1189,2025-10-15 16:27:57
77edb35a-1d7a-46fd-8c5c-e7317fe2185e,efa2ezrx,목이버섯(g),545,2025-09-27 17:23:26
71a07770-f873-466d-bbfe-fec7e78f65c1,efa2ezrx,딸기(개),4,2025-10-17 02:48:38
28a3de6d-59a3-4455-9f24-67c6182b7ba2,95ucg7wa,가리비(g),280,2025-10-01 18:51:45
0b233819-032f-4a28-9096-1d065bc40841,95ucg7wa,깻잎(g),761,2025-10-18 08:39:58
f0dd97ce-0575-44ec-b728-200725a3827b,95ucg7wa,오징어(g),750,2025-10-11 23:23:56
02c63a4a-ab3f-4eab-a578-76bb7e108a92,95ucg7wa,갈비(g),246,2025-09-24 19:45:59
51d34539-610e-41ce-a5da-3babf5f9c664,95ucg7wa,피망(g),663,2025-09-25 22:13:52
0c0fa6b5-851d-457d-980a-eab2de9cbda8,95ucg7wa,치커리(g),203,2025-09-29 18:34:38
2089012f-4293-4958-8ea8-2ba71b7b5e2d,monu7bjo,돼지등갈비(g),1464,2025-10-22 02:41:36
ece5d1c1-d345-4fa8-9b47-f34148453fe7,monu7bjo,상추(g),1021,2025-10-02 05:20:27
c92630d0-f88c-4cee-9eb9-21bde73e1965,monu7bjo,차조(g),1136,2025-09-23 08:36:57
ceca55b2-f849-42be-931a-262d45c385ee,monu7bjo,닭살(g),714,2025-09-24 00:20:49
9ead44ef-ebac-4b49-acc3-a154ee55efc6,monu7bjo,피망(g),289,2025-09-24 07:44:36
a6b6c7fc-c010-4c90-a5c6-35d58435de79,monu7bjo,닭안심(g),636,2025-10-04 04:11:37
0f93393a-d496-4cf2-90f0-cc568d2b9998,monu7bjo,냉이(g),872,2025-09-30 02:05:08
3708c819-e732-44d3-a44f-5791fc8db1a9,hmxp7yoe,딸기(개),4,2025-10-05 02:22:13
55bc99f7-57ab-4700-b01d-bb75701a1cce,hmxp7yoe,요거트(ml),368,2025-10-19 01:17:11
d2f8a5b5-364e-4f00-894c-3bce9598b7c0,hmxp7yoe,샐러리(g),802,2025-10-01 03:04:13
fde10712-2cb3-48fe-88e0-454ff6b38a5f,hmxp7yoe,계란(개),13,2025-10-21 06:10:37
3394f34c-b9b9-46fb-be61-ccb28b29aa29,hmxp7yoe,루콜라(g),175,2025-10-15 21:36:46
f3383adf-79eb-460f-84fa-a6aedc896f05,hmxp7yoe,식빵(개),2,2025-10-14 15:56:39
7af574ad-70d3-4629-b86a-545a1200baa8,hmxp7yoe,고들빼기(g),774,2025-09-27 10:46:00
dbbc9e6e-9856-4a52-9075-f0ff8f64ef2f,hmxp7yoe,홍합(g),405,2025-10-13 15:36:41
024f6220-20be-406f-979a-484d8d82003d,hmxp7yoe,아귀(g),1176,2025-10-03 21:55:32
7ad420d2-0679-4ffc-b858-8fc5e9f094dd,hmxp7yoe,두릅(g),1008,2025-10-12 11:42:58
e8b9a880-a6d8-4ce9-9f29-d8effe0c0a72,ah899h3r,대파(g),553,2025-09-28 21:20:52
ce8824e3-6968-4c1a-bf75-7871d3013787,ah899h3r,닭고기(g),582,2025-10-17 08:06:48
358a977a-62dc-4c87-83e6-f1c650f720c4,ah899h3r,모닝빵(개),3,2025-10-10 18:44:22
2544a70a-119b-41c0-a4d1-06abeef4a58f,ah899h3r,느타리버섯(g),765,2025-09-23 21:53:21
514959dd-7551-4bb1-83c7-1bbfbe1d42a6,ah899h3r,애호박(g),256,2025-10-01 22:25:56
4ca92c24-d5ed-41e2-bc51-90c833e16ecd,ah899h3r,콩(g),551,2025-10-20 06:44:28
491f1d47-98a0-40ff-8607-d80d282af576,ah899h3r,양배추(g),267,2025-10-11 16:55:02
153e7ad1-3449-4d7e-ad4a-6bfcf133b24c,itaamk7u,돼지등갈비(g),1991,2025-10-11 01:06:42
a0b8a3f7-bd2d-4a7f-9412-20f2409c12e9,itaamk7u,돼지갈비(g),1983,2025-09-27 09:24:45
dae26f5b-62c1-4991-b119-5e877dd9c6bd,itaamk7u,옥수수통조림(캔),2,2025-10-07 07:06:41
6e09671d-525b-441b-bb62-91b4702add50,itaamk7u,아귀(g),640,2025-09-25 05:02:03
1d4c868d-959d-46b0-846b-0d13d38bcc50,itaamk7u,바게트(개),1,2025-09-27 05:25:07
f84542f9-bdbb-4acc-8dc0-19383684f893,73z2s6bv,옥수수통조림(캔),3,2025-10-10 11:08:27
a5a8f9ab-0d2d-42a0-91cf-6fbba3b7789f,73z2s6bv,도라지(g),166,2025-10-16 09:09:53
c171015b-466d-45ea-9e06-6b96a1c728d9,73z2s6bv,포도(개),2,2025-10-22 07:00:14
d86dbf4f-fe5c-4a20-9fb1-ce90750e1a92,73z2s6bv,요거트(ml),655,2025-10-08 13:56:06
d1a0beaf-e48a-4c0d-bf1e-a90c251df187,73z2s6bv,돼지고기안심(g),923,2025-10-01 07:10:51
a49bb66a-193e-4f54-ad4d-ccbbe594f6f9,73z2s6bv,소면(개),4,2025-10-15 09:00:40
106a2fbb-15d0-4fb3-a3b1-7fd3dc5cd3b8,73z2s6bv,목이버섯(g),116,2025-09-25 00:10:12
d65a4baf-51ca-4bfc-9e58-0147f166fba6,73z2s6bv,청경채(g),960,2025-10-20 20:53:26
744321bf-a038-4132-afd5-ac245a735091,73z2s6bv,깻잎(g),996,2025-10-02 15:30:54
c957081d-5488-42aa-b254-29dd88f8beee,73z2s6bv,케일(g),415,2025-09-26 19:30:34
8cec3da3-5ed7-4e3f-98df-51f1d410ef8b,s5v5qqoz,딸기(개),2,2025-10-11 13:05:07
2b2c61dc-f1de-4be3-9503-d5b07086b6cb,s5v5qqoz,파(g),1002,2025-10-04 16:54:32
e69f04ae-7ad2-42eb-9a90-ffaf110e7d6a,s5v5qqoz,양지머리(g),357,2025-10-14 06:36:38
4a80048c-53e1-4957-93c5-6faccdd037ea,s5v5qqoz,모닝빵(개),10,2025-10-12 07:44:55
8058980e-65a2-4525-9151-4f1d1a05796b,s5v5qqoz,떡국떡(g),81,2025-10-11 03:37:03
6c1c781a-b242-4f72-acc3-e20f021320e2,ngyz2ssp,굴(g),572,2025-10-11 10:19:50
bc5c4531-c0ac-4f17-83a8-0f6eca5e9ee2,ngyz2ssp,냉이(g),912,2025-09-24 17:07:40
2149f617-a2df-4c24-9c8a-9dddb0a78919,ngyz2ssp,국수(개),2,2025-10-07 16:28:05
63396e6f-3eb1-4d1b-90e4-5e3387a8cfea,kc2fwmru,떡국떡(g),230,2025-10-22 20:58:20
ccf0a7ed-082f-4e61-8a30-3b17e3472d6e,kc2fwmru,대하(g),884,2025-10-16 16:48:14
a25b1225-cdf2-4874-b861-60600dff94fb,kc2fwmru,딸기(개),3,2025-10-18 06:36:57
df289fad-c949-4b5f-b1dc-bf0c55063d89,kc2fwmru,배(개),3,2025-10-03 04:30:41
61aa908b-d66b-4436-a94d-de2b872a45b8,kc2fwmru,양파(g),458,2025-10-02 11:14:00
b2db310c-7ff9-405c-b754-2887d3c748b3,hv0k14pc,레몬(개),4,2025-10-08 13:19:26
4fce4c4c-753e-4ff7-beb6-b94394af1482,hv0k14pc,쇠고기(g),1403,2025-09-27 05:02:26
53468046-de32-42c3-ba51-97a6eb44439d,hv0k14pc,배(개),2,2025-10-08 18:42:26
c4443e54-57b9-4ab8-9070-876055eb3c3b,hv0k14pc,계란흰자(개),8,2025-09-27 16:39:45
ce69016a-1eaf-496a-a2b1-96214200a8bd,hv0k14pc,고들빼기(g),972,2025-10-03 09:24:24
c210b930-96bd-4356-b25b-c0544a57cdff,hv0k14pc,고사리(g),839,2025-10-06 13:19:41
9df54ede-e5b4-4b35-bf3a-39f6eb5d3b03,hv0k14pc,바나나(개),7,2025-09-29 18:52:21
671b080d-5a37-4398-bd5e-290dbe56ed53,hv0k14pc,배추(g),348,2025-10-08 13:49:30
ad788845-943e-4995-a991-e9eea479cd09,hv0k14pc,보리(g),1086,2025-10-16 10:00:29
753824ea-ebfc-4718-b77d-28ecdc130c48,hv0k14pc,아귀(g),1030,2025-10-02 14:30:57
51318ae1-7463-431c-8cff-e8629f9f987f,dpfqw3nm,콩나물(g),1140,2025-09-29 23:13:44
68813ea5-3103-45a4-8ee7-fa3b6cf1fb6c,dpfqw3nm,상추(g),946,2025-10-03 12:37:26
ff19b915-cebf-4954-8951-eed4ab56da8e,dpfqw3nm,양지머리(g),714,2025-09-30 18:43:33
ef5d337f-4aaf-4756-9dc6-74ce3f8c89e2,dpfqw3nm,흑미(g),141,2025-10-17 05:54:24
26b35751-5bb6-4d4d-9da0-e720eb13f755,dpfqw3nm,우엉(g),64,2025-10-10 04:30:47
7940afe2-141c-4c97-a4f3-7a2f975f4d00,dpfqw3nm,빵(개),3,2025-10-13 09:01:11
9b80484c-3d3c-47d6-aed3-f7d2526da655,dpfqw3nm,모짜렐라치즈(g),437,2025-09-29 08:38:59
73fe9955-b50e-4c73-a80d-0cf6000f459f,dpfqw3nm,조개(g),127,2025-10-23 17:21:57
0b5ca8e1-6300-4e45-a117-a875d6c17204,266w9mmp,루콜라(g),312,2025-10-15 23:54:00
abd5c624-625f-4ac1-b0b3-bf566f8903a7,266w9mmp,닭가슴살(g),219,2025-10-09 03:38:08
2584f7fb-269e-4e9a-a249-0ede7918b60b,266w9mmp,당근(g),274,2025-10-16 18:36:14
c813bbf8-a7a7-490e-aaab-42346354b7d6,wybzzj5c,홍피망(g),409,2025-10-03 17:10:32
869d8c3f-c7a4-467e-8538-3cbaece3ba2c,wybzzj5c,꽃게(g),1113,2025-10-19 01:56:40
526b19b3-265e-497e-84e9-de564dee6d34,wybzzj5c,치즈(g),538,2025-10-21 15:41:19
a999c7c2-dc36-41b2-9c38-8ba185c3da76,wybzzj5c,배추(g),1001,2025-10-09 03:10:29
2d5bdadb-6c89-44a9-b68a-0711135dc9d9,q5e0vk0q,새우(g),967,2025-10-11 02:17:42
598f71dc-bd38-4526-b089-27adc5884c43,q5e0vk0q,찹쌀(g),1160,2025-10-23 00:03:03
7f85f2c1-b8c7-47e2-8da5-243bc71260a9,q5e0vk0q,굴(g),601,2025-10-16 22:30:20
d5a27c5d-cf05-4f15-87d7-a59dc4271ee6,q5e0vk0q,옥수수(g),365,2025-09-23 11:19:57
735026cd-0d11-4156-9b81-25985e62ab7d,q5e0vk0q,오렌지(개),1,2025-10-17 01:10:41
5572c070-96b3-458d-b29a-e99d81638cc0,ihvvrhd1,파프리카(g),720,2025-10-16 15:48:44
2171ad58-6768-4751-995a-7328e3d8d630,ihvvrhd1,가리비(g),1075,2025-10-01 04:15:19
701e08c2-7512-4136-b62b-0c4826933d88,ihvvrhd1,대하(g),726,2025-09-24 06:48:33
b7aa050f-ce10-4c3f-b2f2-2ab60f4d853b,ihvvrhd1,버섯(g),1067,2025-09-29 01:13:38
5a01981e-658e-4bc2-870d-b26677c0c7ad,ihvvrhd1,멸치(g),733,2025-10-22 15:30:13
d06ed2d2-fd65-41cd-a0e2-36754cf28a8b,ihvvrhd1,돼지갈비(g),750,2025-10-08 06:12:37
14f7d162-3fbb-4c40-ac90-16d1c37db88f,ihvvrhd1,아귀(g),73,2025-10-20 20:00:30
e8df6133-c0ed-450b-9b72-35eee87a3d7b,ihvvrhd1,양배추(g),978,2025-09-30 04:41:56
d2ab0202-039b-4bcd-b6e3-5cd1b59894ec,ihvvrhd1,치커리(g),590,2025-10-21 20:54:41
fcd437cc-57b6-4f9b-81b0-6bcf291cdfe2,ihvvrhd1,청고추(g),413,2025-10-23 15:32:42
129fbd16-0756-4038-a690-f974fc890f2a,4jubw8xo,배(개),2,2025-10-07 20:22:09
e9c30aa7-adcf-448b-8a42-3e8b8ee061ab,4jubw8xo,보리(g),609,2025-09-24 19:37:59
c583d201-c5ba-4162-b686-1504cefc336f,4jubw8xo,홍합(g),204,2025-10-14 14:44:42
5243dbc7-07d0-4a03-ae44-59bc8f0a0150,4jubw8xo,딸기(개),3,2025-10-13 19:04:36
181c441f-f00b-4fa9-95c7-5430d3ab0955,4jubw8xo,식빵(개),2,2025-10-19 03:20:50
ed1dfd22-c9cb-4283-813f-a8c5e8eddc16,4jubw8xo,냉이(g),558,2025-10-20 17:58:39
5807e8e1-007c-4983-b977-ba6f36c42aec,4jubw8xo,양송이버섯(g),1044,2025-10-11 21:35:04
9a305051-d365-4c79-8314-ce893fe76893,4jubw8xo,아귀(g),272,2025-10-08 21:32:46
b5aede8f-24c6-4cd6-8a2f-f4d5d65851b3,3ew0961y,고들빼기(g),274,2025-10-13 21:40:21
3e82f400-a2fc-4ce4-8565-c369e6281fb2,3ew0961y,치커리(g),322,2025-10-17 19:17:33
1ea51fdd-e710-47fe-b9cc-f2f773bd1fe3,3ew0961y,홍피망(g),82,2025-10-23 03:51:10
b5b3441b-ce6e-4d68-bd0c-b4b3f133c695,3ew0961y,치즈(g),287,2025-10-18 13:57:44
f526daac-708c-4d89-89f8-0d5ff3994f88,3ew0961y,대파(g),697,2025-10-08 08:38:52
027c5b0d-d5e0-4364-abea-90a86139a020,3ew0961y,도라지(g),754,2025-10-05 16:49:26
ae7806c1-1459-4b04-81c0-d64b6506ae28,3ew0961y,갈비(g),439,2025-09-25 22:26:31
bf09453d-6ec3-45f2-aed4-534713971a2c,3ew0961y,우엉(g),776,2025-10-13 18:38:09
84c90501-44b6-45b7-a173-870f15a81837,slblu5eq,우엉(g),1128,2025-10-14 06:28:18
1d04cc44-0650-44ae-8b61-805849d135b9,slblu5eq,열무(g),901,2025-10-06 19:15:30
58cdd9e4-9e52-4ab7-a381-55303a13811b,slblu5eq,가래떡(g),618,2025-10-20 15:43:38
7ba9c44c-9c4b-4ee8-b8fe-852ea45356d0,slblu5eq,숙주(g),1072,2025-09-29 12:45:45
691f25b4-7f7e-4ad1-9b27-f7d471d5f5e9,slblu5eq,멥쌀(g),935,2025-09-27 14:14:27
3644a80a-d9e7-4d0c-b15f-b30c8b398aba,slblu5eq,연어(g),872,2025-10-11 04:27:59
aa9fcd99-517f-4634-9060-adf33718b4c2,qfp771he,현미(g),672,2025-09-26 05:49:53
6919be34-09b5-4755-b5f1-6f50da05c0e5,qfp771he,바나나(개),6,2025-09-24 07:53:35
d2882e5c-542f-4ab5-b801-ac331d0f0cea,qfp771he,케일(g),968,2025-09-29 21:47:47
718b6534-a779-40e3-be0e-afd253a2c671,1vq93wek,요거트(ml),391,2025-10-12 21:23:52
c391190e-9cc7-4d4d-b270-6f1f0a855f76,1vq93wek,닭살(g),1046,2025-10-23 06:06:52
51602a99-35dd-484f-940b-f43677a72f73,1vq93wek,팥(g),949,2025-10-17 18:21:24
5a9907ac-212b-4536-bb49-773d4fd2d8e9,7izrc6oq,오징어(g),837,2025-10-09 08:53:08
6955a249-6f22-4ab1-8784-ee12bf42ef7c,7izrc6oq,갈치(g),630,2025-10-03 03:27:35
63089e31-9263-4b8b-9906-99fcbe2cf7eb,7izrc6oq,조개(g),189,2025-09-24 12:10:22
0ae26dc9-1e94-46d1-8b2a-906cd0aeb336,mwltye40,멥쌀(g),451,2025-10-01 06:44:00
ce5513df-8d5f-4ced-9884-dc37861910e8,mwltye40,갈치(g),154,2025-10-03 14:25:21
1e091dcb-19ac-4fdf-a17a-6ad30070158d,mwltye40,도라지(g),468,2025-10-05 23:05:19
0c7d3ee5-b2c3-4d52-b456-39ae7e5fc63d,1loytdh7,낙지(g),1054,2025-10-23 00:35:41
aaeef4d3-803f-4879-8f53-ffac206fc7c7,1loytdh7,숙주(g),284,2025-10-22 18:18:18
7df82d22-34d9-4ad5-beb5-7ed6c5e2973a,1loytdh7,콩나물(g),1132,2025-10-14 09:56:14
fb514c3c-a452-4a8e-a347-2d15144448fc,8bxjm5y0,파(g),1130,2025-10-05 09:50:48
e45c9c7d-d4aa-4a09-bd5c-9399b36ba307,8bxjm5y0,무(g),614,2025-10-06 07:34:46
473da03e-523e-48f4-a758-70a847f0ae8f,8bxjm5y0,조개(g),679,2025-10-05 06:13:58
1902cd41-8e85-4939-bab4-38f66532ab35,8bxjm5y0,청경채(g),673,2025-09-28 04:54:06
a9cd859d-862a-496f-807c-3ffdd578ff78,8bxjm5y0,고구마줄기(g),807,2025-10-18 03:14:07
5f009e40-15c5-4805-b94a-1867fed7e737,8bxjm5y0,숙주(g),1094,2025-10-02 22:34:33
9e013eae-6eef-44d9-af16-414e8043e430,8bxjm5y0,깻잎(g),648,2025-09-24 15:43:37
292292c6-012a-4390-88a9-6ef7dd36e868,8bxjm5y0,소면(개),1,2025-10-13 00:08:10
1402bb4b-df73-4535-a16e-e058bf49e297,e10qqfa4,소고기(g),587,2025-09-27 11:15:38
3f58c8c4-ed9a-4c4c-916e-b77157b3ccb3,e10qqfa4,새우(g),820,2025-09-23 01:20:06
a7c21642-aa88-47f3-9b84-fb36cd8e3571,e10qqfa4,감자전분(g),557,2025-09-24 10:26:11
65c70f77-e5c9-47b4-88f4-8c098fee4e5e,e10qqfa4,레몬(개),2,2025-09-25 20:53:13
ab8b8336-39cd-4978-b804-9ba8df425f8f,e10qqfa4,멥쌀(g),425,2025-10-11 03:39:08
1faed2a8-44ab-40a8-b5f3-8e24a1d5e75a,e10qqfa4,청경채(g),1072,2025-09-29 00:20:41
d7bc824c-1894-484b-86f5-38fd501d0d2f,e10qqfa4,느타리버섯(g),1157,2025-09-26 21:45:27
df562521-8e63-454f-b940-fbc813b66bfb,e10qqfa4,두릅(g),1037,2025-09-23 16:28:52
6f558913-c1af-491c-b30e-4608f13a499f,88qjugjb,홍피망(g),681,2025-10-23 16:59:31
720862c9-1d5e-4d9b-a793-5c3434707239,88qjugjb,파(g),203,2025-09-22 18:20:30
dcb3d571-e9b2-40eb-ad4b-3b5c6e5548ad,88qjugjb,우유(ml),1810,2025-10-02 15:08:29
b870180a-2c1d-4122-997f-2066c6a64ad4,88qjugjb,브로콜리(g),857,2025-10-21 14:36:21
35731ec4-d8e2-45af-a78e-25abbd10efe4,88qjugjb,가리비(g),637,2025-10-12 10:17:30
b844a978-08b1-4391-a433-ed606381fe8d,88qjugjb,떡국떡(g),1030,2025-10-02 21:27:58
9d7e2887-fcf2-40b3-989f-14f719069dd5,88qjugjb,모짜렐라치즈(g),661,2025-10-18 20:31:13
2e5c32f0-afaa-409f-9cd1-7b40d04786ed,ut9iomp4,국수(개),3,2025-10-08 08:31:55
eed1c6b1-33bd-4c26-94e6-eacfeb2a16ea,ut9iomp4,계란흰자(개),4,2025-10-06 06:58:32
db673829-05f9-42d2-bfd6-b7d9ecf2093a,ut9iomp4,쭈꾸미(g),1191,2025-10-23 10:39:12
1819ab28-2227-4771-9245-74a2808a7e71,ut9iomp4,감자(g),62,2025-10-07 06:34:48
61d1a4e9-3fa8-40c4-9a1a-20bd115b5c50,ut9iomp4,돼지갈비(g),1128,2025-10-06 14:12:54
170ad794-f1ef-4e67-8fe2-d795cd300a74,ut9iomp4,바나나(개),4,2025-10-17 05:36:13
4bb27042-3239-49c1-b7f3-b1a241fa2d72,ut9iomp4,옥수수통조림(캔),2,2025-10-08 22:20:23
47ea8bb1-d667-414a-a033-f52748e03511,ut9iomp4,새우(g),725,2025-10-13 12:05:17
51cc4be6-90df-4edc-a108-72329110dbe3,kacwm6bd,빵(개),3,2025-10-04 09:05:57
22d9d5be-6d2b-4961-88f9-ab922ab2a64e,kacwm6bd,닭안심(g),259,2025-10-07 23:55:04
65ee50b3-251b-4e37-a582-d0f092e2158d,kacwm6bd,돼지등갈비(g),1824,2025-10-04 14:28:09
e66b8d64-aac4-4de6-86f2-a5d314cced42,kacwm6bd,상추(g),247,2025-09-30 04:56:07
e1e8839e-5cc3-4177-89b9-de0e229b8c48,kacwm6bd,도라지(g),582,2025-10-17 02:07:04
7b7a21d1-4b3f-45b5-9859-66054de0f6ed,kacwm6bd,감자전분(g),891,2025-09-28 21:20:36
bb71290e-a020-4075-8f5b-8826111a0611,kacwm6bd,바게트(개),2,2025-10-04 14:42:24
105a80d4-f774-46cd-9ad1-a47410601034,uylh4htw,차조(g),856,2025-10-02 19:50:54
724cb6b4-e188-4c35-92b4-17f4f338163a,uylh4htw,상추(g),1050,2025-10-04 09:29:08
dc063c27-1a94-4aa0-b8b9-7e7f4ff5991b,uylh4htw,돼지고기안심(g),346,2025-09-24 18:49:09
3227b491-9651-48b3-a3d5-8616be17077b,uylh4htw,모닝빵(개),7,2025-10-20 03:18:33
46e8ba42-4bf1-42f1-86c0-11d9045ea7c9,uylh4htw,돼지등갈비(g),1731,2025-10-04 04:54:10
da175672-c10e-42a8-8787-7f15ed81eace,e6vuw98k,돼지갈비(g),714,2025-10-20 23:55:18
ae2fe8c7-3172-49e4-bc70-58596270d966,e6vuw98k,대하(g),329,2025-10-01 20:14:47
9f10a164-0ec2-43d5-8d3a-3306bd438382,e6vuw98k,굴(g),1144,2025-10-04 11:49:40
cd9b6547-e993-47a8-8091-58ce887a13b4,e6vuw98k,버섯(g),719,2025-10-23 08:46:06
e5f2d35a-518f-41c1-b356-89c9e1d33eb7,dswaur9r,팥(g),1160,2025-10-23 10:28:30
1156d180-7d53-44e5-b485-400c45ca3642,dswaur9r,팽이버섯(g),378,2025-10-04 22:31:45
2afa0523-7d4c-4515-94db-095b70f55692,dswaur9r,토마토(개),4,2025-10-11 07:09:08
5faac166-a5e2-4eaa-90fd-75dd41dd07d0,792yy4s8,케일(g),346,2025-10-04 03:28:20
2c3cb4bf-35f9-48ea-88e9-3424abe34f1a,792yy4s8,소고기(g),736,2025-10-21 04:17:41
f156852b-b4e9-4bf3-a5ce-06ebe1124d47,792yy4s8,목이버섯(g),1014,2025-10-02 03:39:27
6078e9dc-919b-4423-9cd4-ad1a81747c0d,792yy4s8,닭고기(g),136,2025-10-06 01:16:50
b38c9d27-4929-44ff-84a4-36de42f01ddb,ih6j012f,양배추(g),988,2025-10-18 07:30:21
60ed4d89-d1b5-4251-ba0c-5b5c5ada505a,ih6j012f,콩나물(g),450,2025-10-20 05:56:13
4b1d19bf-38ba-4b48-b032-d0e8a86864f6,ih6j012f,딸기(개),2,2025-10-09 04:20:21
67134169-aa7d-41e1-b8d3-e9fca109844a,ih6j012f,닭고기(g),1108,2025-10-16 20:22:04
7887a65e-9872-47b0-95ba-311f3189613e,ih6j012f,바지락(g),654,2025-10-19 23:50:47
90f8cfe8-6016-44fc-96ed-d6d05dcd4b47,ih6j012f,꽃게(g),622,2025-10-18 03:07:04
cfdcce40-1e36-42c6-88c7-99171baff7ae,pxfn71ri,보리(g),368,2025-10-13 01:32:04
0d064e58-56af-4981-ba1c-9290217f4a39,pxfn71ri,방울토마토(g),182,2025-10-03 16:38:25
5004ad6c-759d-4fa7-b30c-95e3d34bb117,pxfn71ri,사과(개),6,2025-10-11 09:44:06
15556c4d-6332-45ac-b33d-7fd0e80ce079,pxfn71ri,고구마줄기(g),1076,2025-10-23 04:05:35
6ccd2082-c9ea-4f73-8304-a468473ee563,pxfn71ri,옥수수통조림(캔),3,2025-09-25 01:05:53
954abcdf-8552-4d3f-89f5-8da7d2260d26,pxfn71ri,닭육수(ml),553,2025-09-23 05:30:11
5655a04c-d897-4155-a807-b701a095cd45,uptf4g2b,도미(g),946,2025-10-17 05:44:35
569045c0-6ace-44cb-ab2a-576fb569f753,uptf4g2b,갈치(g),477,2025-10-06 13:30:38
633c4fb7-9fcc-4fb7-8d30-08313162030c,uptf4g2b,피망(g),587,2025-10-04 10:12:10
4de7d6ff-ed90-4a79-902a-8f88b0ea8e3c,uptf4g2b,레몬(개),6,2025-09-27 01:32:56
1a995512-62e8-4a13-b1b5-20fed68bda48,uptf4g2b,배추(g),1106,2025-09-30 00:18:42
0393ea3b-2e8a-4eff-a18a-6379827e1281,0cuhn2uy,계란(개),8,2025-10-11 06:08:26
6ebb4ae9-cdd5-4bc1-8f9e-a3adffbff5b4,0cuhn2uy,굴(g),515,2025-10-21 06:45:22
8c2ac644-b9f8-44ee-b9dc-8a260453f4b4,0cuhn2uy,애호박(g),70,2025-09-25 23:03:24
76a4e320-8d19-4d50-a021-1f00d9bed13a,0cuhn2uy,돼지갈비(g),1345,2025-10-03 05:11:11
29d2e330-51a4-458c-b25a-3c695dd43591,0cuhn2uy,치커리(g),194,2025-10-07 22:51:29
174d6515-374f-4338-b17a-d8b4e6a7bf98,0cuhn2uy,청피망(g),738,2025-09-25 09:44:41
4405c9a5-1bc6-45ae-9f30-b993980a1102,0cuhn2uy,계란흰자(개),8,2025-10-09 08:54:25
11ad75c7-fe5f-4d85-860d-38b86fa2bb62,0cuhn2uy,우엉(g),647,2025-10-09 01:30:55
a44b6edc-de20-4b07-8437-515281aa6735,ujdpjr0k,계란흰자(개),6,2025-10-11 15:39:32
12af0a60-5386-4392-86bd-a246ffaea4f7,ujdpjr0k,칼국수면(개),3,2025-10-08 12:10:01
62c77134-f6e9-4dd8-98d2-f6644ab3bbee,ujdpjr0k,바나나(개),7,2025-10-06 12:38:39
18b99c21-1da5-4300-a2cf-0e83a2e9db86,ujdpjr0k,치커리(g),863,2025-10-15 03:44:59
7e4f2337-5807-4365-b8b9-050c8065dacf,ujdpjr0k,목이버섯(g),247,2025-09-30 18:07:14
0e735983-fc93-477a-8d7b-c95625e28528,ujdpjr0k,수수(g),1151,2025-10-19 16:29:44
2ca5398a-82aa-4943-a7cf-23a9950a7ce7,ujdpjr0k,부추(g),568,2025-10-10 09:36:03
fe0b7f19-6782-4ef0-bc11-719cebe6d82c,p8dso6lz,아귀(g),1067,2025-10-22 16:01:59
e2df312a-0602-459c-9b0e-c4ef0b70a236,p8dso6lz,숙주(g),615,2025-10-12 08:52:36
aeb2357f-f217-4927-a89d-c9147951be98,p8dso6lz,새우(g),1025,2025-10-22 17:29:51
319953d1-258b-40ff-9dd4-3600aaadc908,p8dso6lz,명태(g),458,2025-10-20 15:53:09
770be695-a1b6-4831-8e60-63d191b23f0c,p8dso6lz,요거트(ml),372,2025-09-27 15:29:50
87822022-a92c-4dd1-b606-86d03710f214,p8dso6lz,찹쌀(g),439,2025-10-17 15:57:11
2256e989-a4d9-443b-be01-062883023b99,p8dso6lz,홍피망(g),934,2025-10-18 15:34:10
035d6c5c-de91-4971-86c4-c810c52ff95c,p8dso6lz,오징어(g),135,2025-10-05 22:17:26
f1e85fdd-d07e-429d-815f-43ba026b1925,p8dso6lz,굴(g),897,2025-10-10 20:56:02
fae8bcef-fa1b-494f-a215-94a5f1938ba1,fhih1o3x,열무(g),1196,2025-10-05 18:54:21
d33882bf-0907-4b6a-86b2-fc0314258824,fhih1o3x,배(개),1,2025-09-23 03:30:41
311045e6-0ebc-423d-b9f5-4edd43f1b19d,fhih1o3x,청고추(g),1012,2025-10-22 22:58:24
84304945-458c-4774-86a6-bf4c1760abed,fhih1o3x,바게트(개),1,2025-10-12 03:33:43
f7f3dec2-6bd6-4df2-83d3-2c2961fdb04b,fhih1o3x,떡국떡(g),1022,2025-09-24 09:24:28
eacc28cb-b6f6-41b2-b0f1-d3ce78c075b1,fhih1o3x,무(g),509,2025-09-29 14:41:56
a0dac831-0726-4c46-9ad0-7917f42f8cb4,fhih1o3x,미나리(g),509,2025-09-24 03:26:00
6742b7a9-35f8-42c1-9f3b-12e615ba3847,18xcdqom,수수(g),341,2025-10-02 07:50:58
057e9b48-6fc6-40c3-acf5-4c72e4e45cef,18xcdqom,두부(g),463,2025-10-12 07:16:56
6e7f9dbf-477e-4a0e-8e72-2f121c795963,18xcdqom,스파게티면(g),993,2025-10-08 03:35:17
c021e4c2-7dbf-4791-915e-3f3e55d1af7d,18xcdqom,계란노른자(개),3,2025-09-24 03:20:07
0a38708d-ceb3-472c-b800-5f27f51120e1,18xcdqom,바지락(g),1177,2025-10-04 02:03:02
adb2b2ef-9e14-4227-afb7-787a8683287f,2m2pgp0i,샐러리(g),315,2025-09-26 05:33:47
44a54f76-11e1-4f3b-a14e-cca0706e27a3,2m2pgp0i,청고추(g),1060,2025-10-05 13:47:52
f216b0e7-c897-44fe-917b-00f12e664f19,2m2pgp0i,오렌지(개),5,2025-10-02 23:16:21
d298ee3c-8708-4947-b54d-f52483f1856d,2m2pgp0i,라면(개),2,2025-10-17 14:03:46
b074af59-eb6c-412f-9375-8a4870b0d3f3,wg6muwi6,홍고추(g),765,2025-10-17 22:14:30
cd56d667-76f2-4ac4-bc38-c249b9f1411c,wg6muwi6,두부(g),223,2025-10-02 08:53:20
c38685b3-bc7c-4a52-a31a-4d0851f3bd02,wg6muwi6,계란흰자(개),6,2025-10-07 06:08:45
8f4f1575-393a-4b09-9536-3df37b531646,wg6muwi6,풋고추(g),898,2025-10-05 10:25:09
456fd6ad-a873-4075-989e-e684303821c0,wg6muwi6,청피망(g),963,2025-10-12 05:02:45
7a4978d6-c4be-4a87-bcaf-90528947e98e,wg6muwi6,토마토(개),6,2025-10-11 09:56:23
c6903a3d-9abf-47e7-83c2-71053772e4d4,da90cr97,닭가슴살(g),114,2025-10-20 15:38:34
c5a73800-3ea1-46f3-aa91-62a10179aaae,da90cr97,배추(g),315,2025-10-19 18:31:59
04eefe82-74f7-4ec1-a46b-97fedb9a9df7,da90cr97,갈비(g),1779,2025-10-03 03:37:37
479f7ef5-0e95-4dec-ac1c-e291d757c53a,da90cr97,루콜라(g),325,2025-10-21 22:59:26
1ec16c87-6539-45cb-9868-53fc879e4a4d,y8ro6yjz,우유(ml),1733,2025-10-22 11:13:06
d2e50d93-5e60-4b07-ab19-459f4d8f0817,y8ro6yjz,흑미(g),428,2025-10-07 17:39:02
094e9088-9405-4129-a4a1-5ac38bbe4d4c,y8ro6yjz,감자전분(g),157,2025-10-04 11:09:19
7b7d3413-323f-4a5f-a4d5-901cd7d425ec,y8ro6yjz,모짜렐라치즈(g),1056,2025-09-24 10:59:55
ec52d661-1289-444c-9f59-7d50124fdc30,7f3hen3m,돼지고기안심(g),378,2025-09-29 04:54:21
e6608d74-08af-40ad-a75b-e4830a151335,7f3hen3m,쇠고기(g),1199,2025-10-15 22:28:08
aa491493-827f-44e7-8e5a-f0efde1330df,7f3hen3m,돼지등갈비(g),898,2025-10-04 01:55:52
0de8b34e-f887-4e24-96d1-10f1b5e03bf5,7f3hen3m,식빵(개),2,2025-09-28 07:43:44
2aedb80a-bc4c-4d6a-94ff-b50266106cc5,7f3hen3m,떡국떡(g),1003,2025-09-22 17:53:19
f07b2acb-8d8d-4147-ae01-efa3bc646f2c,7f3hen3m,감자전분(g),307,2025-10-19 21:43:46
7c71e813-e547-48ce-af33-5ba6f0856ac8,7f3hen3m,브로콜리(g),1142,2025-09-27 09:46:00
d9af181e-b15d-4c39-8989-ab6480a877a8,7f3hen3m,딸기(개),4,2025-10-03 00:39:42
7e2789f0-d7e6-4a5d-b077-636c60e23a03,7f3hen3m,콩(g),235,2025-10-18 09:21:27
c9c7abb5-8e1a-4215-8343-c7a15d565d43,n6o4p2iu,식빵(개),2,2025-10-01 20:29:11
eda21e23-fa55-4b10-a239-0ad3df13d939,n6o4p2iu,오징어(g),1006,2025-10-13 23:44:03
418bfbe2-11c1-43f4-b1e6-7d12bfe4de7d,n6o4p2iu,국수(개),4,2025-10-11 13:44:29
9627fbf0-5fb6-42f7-afa3-978dd65b8127,n6o4p2iu,소고기(g),1293,2025-10-21 18:21:18
8a368ae1-503a-4c06-875c-76354681de10,n6o4p2iu,홍고추(g),829,2025-10-11 15:37:09
3249c38f-2ece-4d8c-96dc-a169bcff29da,n6o4p2iu,쌀(g),670,2025-10-20 05:48:12
9a2f063b-a82f-4ca9-aa50-c97f609c4416,n6o4p2iu,옥수수(g),758,2025-10-15 13:22:19
4a26dd54-51e8-4b21-9c46-8b0619b28532,aeio8ljw,고사리(g),517,2025-10-20 11:08:41
87979576-3180-4195-b9fc-020eed4cd7b5,aeio8ljw,콩(g),812,2025-10-03 16:58:05
6bed9d2a-2b99-4c77-8130-46fdd664d917,aeio8ljw,홍고추(g),334,2025-10-16 09:29:58
64ed7a6b-dd4c-4761-b1cc-eec3f9028acf,aeio8ljw,멸치(g),832,2025-10-08 23:28:13
cce933b5-2127-4b9e-8216-77fbc3a18037,aeio8ljw,풋고추(g),510,2025-09-30 20:43:55
f7436f00-6bec-49fc-8b0a-ab8e58c0c68a,aeio8ljw,방울토마토(g),206,2025-09-27 17:51:42
f3c11bbb-3294-4baa-a192-8a9b5825ee67,7jjp6tpv,가리비(g),963,2025-10-13 03:04:52
ccfc0b80-29ac-4261-ac38-4e1dd3bc29b3,7jjp6tpv,브로콜리(g),1164,2025-09-28 04:29:41
6f20c0ff-2c40-4ac9-b22b-973b40893014,7jjp6tpv,계란흰자(개),2,2025-09-28 01:50:44
5d5f8d32-1359-423f-a3e4-7e17934430e7,7jjp6tpv,낙지(g),171,2025-09-28 20:36:39
714cb2ae-f5f9-472b-8979-85c5250215ab,7jjp6tpv,쭈꾸미(g),1153,2025-10-06 07:46:50
0200929b-e991-4943-8cc8-c737e82ae2ca,7jjp6tpv,가래떡(g),617,2025-10-17 20:38:57
957d4887-21ee-447c-aab8-e2a24ebbd35b,7jjp6tpv,스파게티면(g),739,2025-10-15 18:38:42
d07b76ef-6ed4-40d5-9326-81703766a17e,7jjp6tpv,돼지고기(g),213,2025-10-13 13:24:09
e08138c5-5f79-40d5-8deb-399392bb4eb3,7jjp6tpv,시금치(g),97,2025-10-13 23:40:33
ffb862da-5e22-4bfa-be75-1434b5957a5e,7jjp6tpv,고등어(g),1136,2025-10-16 07:38:05
124f1ee2-3bfe-4649-9a68-1010ad7a8f68,nd03riua,치즈(g),661,2025-10-06 16:20:03
e6168f27-3a1f-4535-a93e-64ff4af30d84,nd03riua,감자(g),885,2025-10-02 02:49:27
b25735bf-688f-411a-91de-3adbe69d6129,nd03riua,닭육수(ml),631,2025-10-16 18:06:18
96738b28-7290-4383-892e-5e84de8f8a24,nd03riua,대파(g),1077,2025-10-10 06:53:48
6ab2ab47-b61b-4a53-89f8-9a10904c7cf1,nd03riua,빵(개),2,2025-10-08 23:30:19
419f9c6f-311b-4045-bd26-aa1e404bd330,nd03riua,청경채(g),454,2025-10-08 04:25:21
a1b2e659-d378-44d2-9977-de7f7165835e,nd03riua,가리비(g),658,2025-10-20 18:11:00
c6673709-0b37-4859-acfa-54599fdf660b,nd03riua,수수(g),1129,2025-10-11 20:16:05
858d7348-8ba1-4fa7-84d0-d7d8399c32a8,nd03riua,고등어(g),520,2025-10-09 19:11:41
8ffa7ad2-50b3-4bee-9cab-3581391ae72c,nd03riua,식빵(개),2,2025-10-08 19:56:40
184ae0f9-69e0-4a61-a5a1-65d4f7e2692e,w33acsx5,바게트(개),2,2025-10-12 10:57:11
68b30307-6be6-4d16-9269-f5478da9e894,w33acsx5,현미(g),1020,2025-10-22 12:19:47
8024359b-1535-45e0-a307-b42824076474,w33acsx5,돼지등갈비(g),1605,2025-10-01 13:09:21
c4eee2cc-36ee-4f19-8db8-f4d7789faf2c,w33acsx5,굴(g),1052,2025-10-06 05:07:12
3ddb40b2-2147-4526-8c3e-5079017c78d2,w33acsx5,멸치(g),937,2025-09-27 07:38:54
8a309e72-a595-4bc9-b784-e6d8001ce74d,w33acsx5,우유(ml),1842,2025-10-01 23:06:14
7c6aeb41-47da-4a72-802a-1b9b41b76640,w33acsx5,양송이버섯(g),652,2025-10-23 04:12:04
bc8b7ff6-a9ab-40e5-86b2-48fa9a7d7fea,w33acsx5,흑미(g),516,2025-10-08 16:19:23
bb9eef3d-ef0a-4030-8b4e-37aebe744f52,w33acsx5,닭가슴살(g),523,2025-10-23 08:00:49
7378bdaa-9b24-4383-acba-a679e0f98d8d,24l0awzx,오렌지(개),1,2025-10-14 13:03:07
4071d43b-bdb7-4c76-a78b-468be80c5d53,24l0awzx,청경채(g),787,2025-10-12 22:57:24
e723ee18-9e86-40e7-9477-85e30c428c9d,24l0awzx,부추(g),630,2025-09-26 12:16:39
39dfa84d-93bf-4edf-9661-6b33e3b767fd,24l0awzx,닭가슴살(g),340,2025-10-18 01:10:43
12ca1748-9b50-445a-bc91-af1082883a8f,qat2k2jl,홍고추(g),275,2025-10-13 13:13:04
c7f7780b-25c2-4022-a8b1-c7ed759e0044,qat2k2jl,현미(g),597,2025-09-24 10:32:30
a35b77d0-0395-4b5d-bcbb-9f64f6a0ff55,qat2k2jl,소면(개),2,2025-09-25 19:54:36
d2e52517-84f5-423e-b11b-ba543c9f73c5,qat2k2jl,풋고추(g),90,2025-10-22 00:37:34
66aef0a7-32aa-43f7-9dc0-3adce9142aa3,qat2k2jl,오렌지(개),3,2025-10-01 16:59:03
80dfd218-dca3-49f5-b1da-76dbc6e82424,qat2k2jl,수수(g),1031,2025-10-05 16:34:27
df80e77a-c0f3-4f55-b6e6-9cbd156ef121,qat2k2jl,케일(g),582,2025-10-14 19:31:59
389717a9-1ff5-4c51-adc5-892bd948ed70,vgd8xawj,표고버섯(g),674,2025-10-17 11:11:59
3f86f9b5-ed6b-4229-9f3a-6ed745bde3f9,vgd8xawj,목이버섯(g),356,2025-09-24 19:20:27
7589ae32-068a-4f78-9709-fb38a3decfd6,vgd8xawj,돼지고기(g),765,2025-10-20 04:35:44
be18b777-5fdf-43ee-bb6d-61d97bbba527,vgd8xawj,브로콜리(g),171,2025-09-28 03:57:25
27f4c9f4-0794-4d9d-a154-3eb3ed79a772,vgd8xawj,칼국수면(개),4,2025-10-08 02:09:03
c73b3bc8-0503-481d-a991-336903896ae7,vgd8xawj,보리(g),155,2025-10-09 19:06:28
5057401c-6283-4494-99a1-6f7ab2aca964,vgd8xawj,대하(g),517,2025-10-22 13:36:29
fb0824d7-e11c-4c6b-86dc-b19eebf6a8aa,vgd8xawj,가리비(g),417,2025-09-27 10:14:19
6d0981b6-1dde-4104-90be-655e8d8683b7,vgd8xawj,모시조개(g),446,2025-10-22 03:10:41
de8cc8ac-2a9a-4c6f-add8-8d8e2ff6625c,vgd8xawj,아귀(g),808,2025-10-22 21:06:27
40835dcc-56af-4fec-85c7-e4c16ea8548b,hql2ncj9,닭살(g),292,2025-09-24 22:19:42
225cf207-763c-4079-906a-4e1eda0e8849,hql2ncj9,팥(g),420,2025-10-02 17:08:40
a8436dd5-4cab-4374-a503-e67307f647c0,hql2ncj9,조개(g),967,2025-10-04 16:25:57
4a0b212a-30af-448a-90e5-357354273266,hql2ncj9,돼지고기안심(g),996,2025-09-28 15:30:59
2972129a-ebec-457a-9876-a083f8f26777,hql2ncj9,홍피망(g),563,2025-09-26 19:55:21
9fd70020-2830-4743-9c08-1141d7c99df1,08pvn1ky,고들빼기(g),1005,2025-09-28 13:10:08
cc0ef7f2-adc5-4213-9811-864c8b50f357,08pvn1ky,감자전분(g),647,2025-10-11 04:03:03
dfceb1b3-0ca6-452d-be5b-fabbd907aabc,08pvn1ky,낙지(g),190,2025-09-28 03:44:39
8ffabbe7-977e-4598-abec-6f4d968d288e,08pvn1ky,레몬(개),6,2025-10-16 18:23:06
c3e00598-5dd8-4931-b312-20c8861ae90f,08pvn1ky,콩비지(g),255,2025-09-23 10:15:00
f7557e8f-4eba-4e56-a0f3-497a4534e885,08pvn1ky,요거트(ml),686,2025-10-07 23:39:24
22d61f2d-6caf-49f6-9400-1573f6d157d8,08pvn1ky,새우(g),823,2025-10-09 22:18:34
693bd9a3-ea17-4970-9068-c55d40eac79c,08pvn1ky,아귀(g),625,2025-10-23 03:16:58
1bcc55c7-7980-4aa5-ab6a-c6e41016a759,08pvn1ky,고구마(g),410,2025-09-22 23:12:56
cd244504-0b02-4824-96f0-20394107c8c2,ak16zo2j,닭고기(g),121,2025-10-21 03:28:36
1b26d4df-0f5c-4aab-abb1-0e19756b317f,ak16zo2j,애호박(g),220,2025-10-03 17:30:18
e2e1d060-0dcf-47e7-9bfe-5b4395568de9,ak16zo2j,계란(개),13,2025-10-10 00:44:33
3b0024db-cc63-4413-8df4-3cb0df401fd1,ak16zo2j,닭가슴살(g),931,2025-09-28 05:05:24
d917b96b-01ec-43d7-a56a-84b8066e22c6,ak16zo2j,칼국수면(개),4,2025-10-13 18:36:41
aa3c971b-af67-474e-8897-1064fec2d4c0,ak16zo2j,바지락(g),492,2025-10-17 16:08:36
86d8c6a4-31d8-458b-8be5-9a58a5d75c94,ak16zo2j,치즈(g),139,2025-10-09 15:06:48
98acdb85-1884-43fa-b289-6fa334c9f895,ak16zo2j,배추(g),174,2025-10-11 22:10:35
9cb9de51-1674-4498-99a8-1d28fecd8bcb,ak16zo2j,가래떡(g),1058,2025-10-08 11:29:18
34a57024-d346-4118-85b3-87ed6439643b,ak16zo2j,옥수수(g),552,2025-10-05 02:06:17
c93b21c2-784e-42df-9dde-097372d005a7,6f6ed1f8,양파(g),322,2025-10-18 22:35:40
b18db2b6-cbc9-4441-9002-9d0c2abc914d,6f6ed1f8,청고추(g),781,2025-09-27 17:40:51
65019bc8-f419-48d7-a0c4-251b1fd14e90,6f6ed1f8,전복(g),757,2025-10-19 23:32:27
db5d1d81-ac0f-43ac-8282-0ff113bb3a29,6f6ed1f8,청경채(g),1031,2025-09-30 21:46:32
8cd1f0f1-7aa2-41fd-8d34-3220bec6e15b,6f6ed1f8,홍피망(g),1108,2025-10-19 03:54:04
4b21e121-510f-4441-a147-3ac5cfa54bf8,6f6ed1f8,소면(개),4,2025-10-07 11:32:51
90e054b3-4015-4697-a6af-f7412dd966f7,6f6ed1f8,파(g),1037,2025-09-28 02:59:23
2b0e6fd5-b74a-4f77-8591-f1c7eadd5f36,6f6ed1f8,홍고추(g),1001,2025-10-01 15:16:39
0ea64322-4655-4a55-935e-df93b48ef7c8,oynsliwg,숙주(g),978,2025-10-05 11:35:56
4ac43311-c6e5-474c-a26a-fb1a6d255cc3,oynsliwg,배(개),1,2025-10-10 17:49:25
c7766664-b0c8-47dd-867c-e342ea474706,oynsliwg,오렌지(개),6,2025-10-10 07:10:37
c69edef6-c52d-4403-b034-588b8d758847,oynsliwg,모짜렐라치즈(g),110,2025-10-14 07:55:04
4637c85c-a7d6-4475-9274-6ad0b711f683,oynsliwg,홍피망(g),171,2025-09-26 01:02:49
42636266-c40a-49cf-9bec-0561e2f542f1,oynsliwg,칼국수면(개),2,2025-09-27 01:39:02
e9d98043-086d-45fb-b127-a5258d1198ed,oynsliwg,감자(g),941,2025-09-28 09:10:06
2ef00419-a043-4926-bfb5-7347213bc603,my6lu01i,홍피망(g),177,2025-10-15 04:03:27
10ee0df4-e510-4e3d-9f3a-69325600eaf2,my6lu01i,냉이(g),153,2025-10-10 10:34:06
180e01f5-b84b-4e95-8fac-4c9366717ae6,my6lu01i,라면(개),2,2025-10-11 14:46:37
05973fbf-9dc2-4620-9746-62da4eb0529a,my6lu01i,청경채(g),556,2025-09-30 09:35:09
a0f677a9-3c33-45c2-9493-afe3433ea907,my6lu01i,치커리(g),340,2025-09-27 20:14:06
e411346b-559e-4822-ae49-cdc0763dca5d,my6lu01i,낙지(g),470,2025-10-07 03:18:18
15adb95e-e764-4406-8541-4e4eb04b69a8,my6lu01i,가리비(g),663,2025-10-17 05:29:12
17e50409-1d60-47c9-b68a-321f19b0bb02,my6lu01i,콩(g),252,2025-09-23 15:54:21
b685348b-4ad0-44e4-a711-524f0df9c5f7,my6lu01i,목이버섯(g),1128,2025-09-26 06:15:59
7b4c94e7-f1f6-49ae-9047-ee3bf22b88cd,my6lu01i,국수(개),2,2025-10-17 20:55:51
887d51cd-03b1-4db4-bd19-e47e4db47a01,x7evpnfs,명태(g),88,2025-09-26 11:02:24
1bca7eb5-bd88-4de2-a7fa-df09e05dc0ef,x7evpnfs,고구마줄기(g),258,2025-10-04 19:58:11
b08312b4-6a28-4397-82af-fe1919a2e6ce,x7evpnfs,파프리카(g),967,2025-10-04 03:52:31
6d22b620-8754-471d-8f18-69643d363d79,x7evpnfs,옥수수(g),180,2025-09-28 21:55:34
93685e45-ef09-4257-8504-7793c4aee232,x7evpnfs,아귀(g),647,2025-10-08 10:43:14
f6c3b8ec-bba5-4b8a-9689-6a0694a98278,x7evpnfs,오렌지(개),5,2025-10-21 23:54:47
b71191a0-c9d0-4fbc-90d9-08f2bb197c9f,x7evpnfs,고사리(g),227,2025-10-06 11:58:39
b0bfee24-4d09-4362-ae7b-6f9c1ab6ec8f,x7evpnfs,오이(g),1178,2025-09-28 04:14:04
769ecc4e-21ab-43fd-860a-557fd998fca0,x7evpnfs,돼지갈비(g),300,2025-09-27 18:27:47
453249a8-3142-4f9e-a372-e519b6aa11db,ocizx7c1,닭가슴살(g),297,2025-09-23 13:12:19
07a90327-5132-4ef1-b6d0-5c512385b297,ocizx7c1,감자전분(g),644,2025-10-03 18:16:23
70b635bc-b94f-4ba3-b94f-c3b89de53e9e,ocizx7c1,양파(g),759,2025-10-02 06:21:57
57bc1374-d870-47c4-b998-d385f71c5409,ocizx7c1,느타리버섯(g),712,2025-10-20 13:26:28
85474f4f-620b-4744-887b-204308e7db1c,ocizx7c1,깻잎(g),745,2025-10-09 21:53:01
c20ecba0-8f8d-4c59-9523-391872b5b9c6,ocizx7c1,양배추(g),773,2025-10-17 08:33:07
00d3cd65-4926-444e-ab1b-58d07b5219ce,ocizx7c1,빵(개),2,2025-09-26 01:11:48
e3e984a8-e47b-4fce-8695-2048bfe43b15,ocizx7c1,청고추(g),806,2025-09-23 17:14:51
e6c840ac-0566-4f15-b872-504984d220ae,x7kpo3vl,방울토마토(g),330,2025-09-26 14:03:39
d0445d11-78e0-4d7f-bc7f-931ee097123c,x7kpo3vl,도미(g),146,2025-10-22 20:54:57
e6db6757-8ad9-4498-a3af-2612c3f578df,x7kpo3vl,대파(g),958,2025-09-27 06:39:36
791524e7-56d5-4f19-a0bb-8b5a3a450b66,3p9sgbu9,우유(ml),1519,2025-10-22 12:02:33
ec1fe5ff-4136-4400-81da-4d5d3e108628,3p9sgbu9,조개(g),580,2025-10-07 18:48:21
78335bb3-575a-4789-8247-5b2876621d05,3p9sgbu9,양지머리(g),489,2025-10-04 07:06:15
0b8d31c0-624a-41cc-9347-eac4f3fe76bc,3p9sgbu9,숙주(g),149,2025-09-27 19:02:12
10b9ece4-606e-4fad-ae11-52af98044059,3p9sgbu9,풋고추(g),500,2025-10-11 00:26:57
b230128b-ac6f-4a81-9544-756503759950,3p9sgbu9,콩비지(g),258,2025-10-21 11:31:45
0cc7fb00-f263-418e-b69d-bdb11df9289d,3p9sgbu9,두부(g),227,2025-10-10 11:38:17
887fd840-01a0-4ac3-a22c-a969f07ae50e,cn4gg656,청경채(g),151,2025-09-24 20:03:32
f998c1d9-f994-4020-83eb-23472e5c67c2,cn4gg656,양송이버섯(g),161,2025-10-20 11:57:44
c93d9680-3578-44e3-98f3-eea429c3c906,cn4gg656,옥수수통조림(캔),1,2025-09-30 00:40:12
49f192e5-0b18-49e5-abdc-1aeccc00ce9a,cn4gg656,샐러리(g),1166,2025-10-06 10:07:05
bd9f580e-b09b-4122-ac45-a1b8a5c1102d,r1dwuopx,팽이버섯(g),771,2025-10-19 07:40:36
e26540af-ead6-46f2-8bc3-bd06753bb376,r1dwuopx,가리비(g),609,2025-10-07 09:22:06
e4bac3fb-dc2c-495f-8fb8-9ee4ba0bb874,r1dwuopx,홍합(g),707,2025-10-22 04:54:13
00246be5-05e0-4d81-a618-49de61be1071,r1dwuopx,청피망(g),495,2025-09-29 17:57:03
f93bc3e3-c117-4e3a-8f8b-054ea37b5bef,8hl8f7zg,느타리버섯(g),584,2025-10-19 03:18:33
0184fe6e-77c2-45ae-9007-784203f5a451,8hl8f7zg,흑미(g),675,2025-10-15 11:13:26
bff616fb-a15b-4476-8c3f-fb1159cd5dd2,8hl8f7zg,순두부(g),524,2025-10-20 00:20:35
85246046-3e08-4b8e-87bf-b0a9ada96dff,8hl8f7zg,대파(g),1172,2025-10-21 15:50:02
712e62e7-5d5a-4d4a-9e5d-e3ccfe3e44c7,8hl8f7zg,칼국수면(개),3,2025-10-11 19:44:22
7c461e57-4b49-46df-ac6b-b4e38faf3ddb,8hl8f7zg,닭가슴살(g),604,2025-10-14 22:50:28
aa5278cb-f6d8-42f7-a753-f93334ddc22a,2t9by694,소면(개),1,2025-10-03 11:35:58
3ef7f061-7d55-4ef2-9c5c-86ec74f98227,2t9by694,우엉(g),1000,2025-09-22 20:37:18
07776c04-6b3b-4fb1-97f1-a71c5dd9165c,2t9by694,돼지고기(g),300,2025-10-06 06:20:20
28fa1200-4cd1-4ea2-92fb-ba83f1481500,2t9by694,부추(g),626,2025-09-23 13:37:54
f3d53bfd-6dd4-461e-a375-116b26862e30,2t9by694,국수(개),1,2025-10-01 20:20:28
95b2e5c5-8c1a-4bde-8d14-3bd03a4d25ce,2t9by694,차조(g),1183,2025-10-13 12:26:12
9aa68058-37e1-4ece-bb9d-91a751bde758,2t9by694,닭고기(g),265,2025-09-28 09:40:26
d1966784-7c1c-4447-b779-4bbf66676eba,2t9by694,상추(g),359,2025-10-06 07:34:20
ad687471-1a8c-4da3-88e0-ef16a28acde6,2t9by694,빵(개),3,2025-10-07 06:39:36
48f94ce6-5098-4fbe-9b8d-23a2494df31e,ibyhpafk,미나리(g),524,2025-10-15 20:44:20
32749527-d763-464c-bf65-28e6af8b877b,ibyhpafk,배추(g),354,2025-10-11 23:32:58
8d362de9-4546-44f6-a336-584bcf2e1a03,ibyhpafk,오징어(g),641,2025-10-23 16:34:17
ec069c04-83a8-4588-aca8-2c902a9eab96,ibyhpafk,케일(g),778,2025-09-24 17:48:32
43ef8725-bd31-47bf-af85-b13094bfd921,ibyhpafk,연어(g),69,2025-10-04 21:28:33
9a0b8387-68d7-45b6-affc-44567f0aa94d,ibyhpafk,고사리(g),433,2025-09-26 06:16:48
11b36466-2889-4232-b214-2ac56cae379a,ibyhpafk,느타리버섯(g),1059,2025-10-14 17:49:05
2bc9be17-b69c-4e92-b4ab-6d30d5b05054,e57mt43h,감자(g),587,2025-10-05 03:42:36
96fb63a7-877b-4d44-80cc-db1a4285c1fa,e57mt43h,감자전분(g),879,2025-10-19 10:34:38
c12a7e43-33f7-41f7-bb27-8eaebfef306e,e57mt43h,닭가슴살(g),931,2025-10-16 14:29:53
0613ec5b-8c78-431b-98cf-9775d3c68bc5,e57mt43h,소면(개),1,2025-09-28 15:02:25
f51a3a91-c4ae-47b1-b5e0-a4e180da12b2,e57mt43h,팽이버섯(g),1057,2025-09-28 20:22:26
113162fc-13d2-4de2-9299-be5450721846,e57mt43h,고구마(g),136,2025-10-06 19:54:34
1b2cca59-ad58-4860-bb87-14a7f5cb15fc,e57mt43h,바게트(개),2,2025-10-22 14:46:22
71a6e4df-3188-4457-a490-05d76bef5a27,e57mt43h,돼지고기(g),1083,2025-10-02 11:14:31
e833efd7-bb21-48f3-b8e3-41807dc6e62d,e57mt43h,갈치(g),672,2025-10-01 04:50:44
ce39798f-ba07-4e27-ae4d-a9b508fdba5a,jktcp9ta,바나나(개),5,2025-10-07 22:47:00
d63da191-d07a-4ee0-a2e9-d5a222b660a8,jktcp9ta,보리(g),607,2025-09-25 12:54:21
2c87234b-2e12-4d2d-ae9e-e93eb3d3cc89,jktcp9ta,부추(g),274,2025-10-23 00:07:05
53eb7825-39e2-4b56-946a-33547254a53e,jktcp9ta,닭살(g),53,2025-10-16 00:07:46
d39a3a6f-1c96-46b3-8016-88d1e4effdf2,jktcp9ta,찹쌀(g),394,2025-10-21 10:24:13
935471fc-9719-4da0-9c4c-ca4b6e425e4f,jktcp9ta,돼지고기안심(g),477,2025-10-06 15:16:24
bdc7c099-4c58-4210-a30d-5135a179c372,jktcp9ta,가래떡(g),868,2025-10-21 11:36:53
826d9c82-d62f-43df-b7a5-f9855679ab25,jktcp9ta,고사리(g),950,2025-10-16 17:16:24
03973b4e-71bc-4e1e-a0f8-05e46dd26a02,jktcp9ta,스파게티면(g),699,2025-10-07 11:51:31
56568452-5e9a-401d-a34e-1ed1e1fd4c35,wkynsnfd,두릅(g),756,2025-10-01 15:32:23
61fc9c3e-8c3b-4eb0-8bf7-304f20b5129a,wkynsnfd,멸치(g),921,2025-10-08 22:21:51
8e4cd3b9-c2e5-492c-b629-4b53e0ec1c5e,wkynsnfd,흑미(g),1031,2025-09-29 12:10:29
d2a40b18-ff86-4139-a73e-22e8bf299b5e,wkynsnfd,배(개),3,2025-10-20 15:43:14
f1db357a-ad40-4890-a463-2248e5008f89,wkynsnfd,꽃게(g),543,2025-10-05 02:31:54
30b50dd0-8469-419d-b590-e72b67416e86,wkynsnfd,아귀(g),676,2025-10-16 08:32:55
f8a37f0c-a455-45fc-be1a-75ebc0d2f1a3,wkynsnfd,홍피망(g),125,2025-10-16 07:23:43
0f67cc75-3f56-456b-9de2-16fa565b4912,wkynsnfd,완두콩통조림(캔),4,2025-10-12 07:01:17
bc0fa5c2-08b2-494b-b230-3a81aaea4409,cqf066jq,쑥갓(g),364,2025-10-09 15:11:59
fac73519-3b6e-4101-a074-4d2752e0bbd4,cqf066jq,돼지갈비(g),302,2025-09-24 06:54:29
5dda8424-264a-470e-820b-2f7b3eab3d49,cqf066jq,가래떡(g),993,2025-10-04 18:27:43
772b9230-9cef-4362-8b0d-76832877b6c4,cqf066jq,멥쌀(g),616,2025-09-24 06:25:59
1b096dc8-0769-46f9-a8c9-6b7f0eb49737,cqf066jq,양파(g),430,2025-10-11 20:26:52
ba58b8fa-0e6b-4009-9756-33859e9ac1b0,cqf066jq,소면(개),1,2025-10-23 06:39:09
fe1f104d-542f-4c28-8e4a-af9c7c7116f8,cqf066jq,고들빼기(g),716,2025-09-23 21:10:09
c43b877f-c6bc-491d-9543-8df33d8b77c1,cqf066jq,홍고추(g),758,2025-10-02 17:49:03
1caece4f-8680-4ce2-89df-cdc492f04147,cqf066jq,모짜렐라치즈(g),325,2025-10-13 16:58:06
